PersonName,Country,Discipline
DEVI Sharmila,India,Hockey
EKKA Deep Grace,India,Hockey
KATARIYA Vandana,India,Hockey
KAUR Gurjit,India,Hockey
KAUR Navjot,India,Hockey
KAUR Navneet,India,Hockey
KHOKHAR Reena,India,Hockey
KUMAR Surender,India,Hockey
KUMAR Varun,India,Hockey
LAKRA Birendra,India,Hockey
LALREMSIAMI,India,Hockey
MONIKA,India,Hockey
NEHA Neha,India,Hockey
NISHA,India,Hockey
PARATTU RAVEENDRAN Sreejesh,India,Hockey
PRADHAN Nikki,India,Hockey
PRASAD Vivek Sagar,India,Hockey
PUKHRAMBAM Sushila Chanu,India,Hockey
RANI,India,Hockey
ROHIDAS Amit,India,Hockey
SAVITA,India,Hockey
SHARMA Nilakanta,India,Hockey
SINGH Gurjant,India,Hockey
SINGH Hardik,India,Hockey
SINGH Harmanpreet,India,Hockey
SINGH Mandeep,India,Hockey
SINGH Manpreet,India,Hockey
SINGH Rupinder Pal,India,Hockey
SINGH Shamsher,India,Hockey
SINGH Simranjeet,India,Hockey
SUMIT,India,Hockey
TETE Salima,India,Hockey
TOPPO Namita,India,Hockey
UDITA,India,Hockey
UPADHYAY Lalit Kumar,India,Hockey
